<?xml version="1.0" encoding="UTF-8"?>
<!DOCTYPE hibernate-configuration PUBLIC "-//Hibernate/Hibernate Configuration DTD//EN" "http://hibernate.sourceforge.net/hibernate-configuration-3.0.dtd">

<hibernate-configuration>
    <session-factory>
        <property name="hibernate.connection.driver_class">org.apache.derby.jdbc.EmbeddedDriver</property>
        <property name="hibernate.connection.url">jdbc:derby:directory:/booklook;create=true</property>
        <property name="hibernate.connection.username">root</property>
        <property name="hibernate.connection.password">root</property>
        <property name="hibernate.connection.pool_size">10</property>
        <property name="hibernate.transaction.factory_class">org.hibernate.transaction.JDBCTransactionFactory</property>
        <property name="hibernate.current_session_context_class">thread</property>
        <property name="show_sql">true</property>
        <property name="dialect">org.hibernate.dialect.DerbyDialect</property>
        
        <!-- mapping -->
        <mapping resource="book.hbm.xml"/>
        <mapping resource="booklookuser.hbm.xml"/>
    </session-factory>
</hibernate-configuration>